Incident_Date,Aircaft_Damage_Type,Time,Onboard_Total,Fatalities,Aircraft_Brand,Operator_Main,Engine_Brand,Aircraft_Age,City,lat,lng,incident_dt,weather_time_utc,temp_2m,rh_2m,dewpoint_2m,cloudcover,windspeed_10m,winddir_10m,surface_pressure,precipitation,rain,showers,snowfall,snow_depth,precipitation_probability
2019-01-12,Substantial,11:30,9.0,0,Canadair,TW 601-C Investment,General Electric,36.0,Uvalde,29.2152,-99.7782,2019-01-12 11:30:00,2019-01-12 11:00:00,11.5,100.0,11.4,100.0,15.1,320.0,983.1,0.0,0.0,0.0,0.0,0.0,
2019-04-04,Substantial,10:56,78.0,0,de,Austrian Airlines,Pratt Whitney,9.0,Innsbruck,47.2683,11.3933,2019-04-04 10:56:00,2019-04-04 10:00:00,13.7,54.0,4.5,20.0,11.5,148.0,926.9,0.2,0.2,0.0,0.0,1.05,
2019-09-20,Substantial,12:30,2.0,0,Cessna,private,Pratt Whitney,31.0,Pepperell,42.6713,-71.6043,2019-09-20 12:30:00,2019-09-20 12:00:00,13.2,61.0,5.9,0.0,6.4,286.0,1010.1,0.0,0.0,0.0,0.0,0.0,
2018-03-06,Damaged beyond repair,14:51,39.0,39,Antonov,Russian AF,,38.0,Latakia,35.54,35.78,2018-03-06 14:51:00,2018-03-06 14:00:00,19.1,81.0,15.9,22.0,22.3,182.0,1008.5,0.0,0.0,0.0,0.0,0.0,
2018-08-28,Substantial,11:15,166.0,0,Airbus,Beijing Capital Airlines,CFMI,,Macau,22.2006,113.5461,2018-08-28 11:15:00,2018-08-28 11:00:00,26.4,91.0,24.8,100.0,18.3,216.0,998.7,1.2,1.2,0.0,0.0,0.0,
2018-09-01,Destroyed,2:58,172.0,0,Boeing,Utair,CFMI,,Sochi,43.5853,39.7203,2018-09-01 02:58:00,2018-09-01 02:00:00,22.4,98.0,22.1,56.0,2.9,90.0,1013.6,0.0,0.0,0.0,0.0,0.0,
2018-09-09,Destroyed,8:45,23.0,20,Let,South West Aviation,Walter,34.0,Yirol,6.5525,30.4981,2018-09-09 08:45:00,2018-09-09 08:00:00,30.0,59.0,21.2,0.0,4.3,95.0,964.5,0.0,0.0,0.0,0.0,0.0,
2018-09-24,Substantial,13:42,3.0,0,Honda,ALTA,GE,1.0,Foz do Iguacu,-25.54,-54.5875,2018-09-24 13:42:00,2018-09-24 13:00:00,28.9,64.0,21.3,4.0,14.5,19.0,991.3,0.0,0.0,0.0,0.0,0.0,
2018-11-30,Substantial,13:53,11.0,0,Cessna,Dirt Dynamics,Pratt Whitney,38.0,Fargo,46.8651,-96.8292,2018-11-30 13:53:00,2018-11-30 13:00:00,-3.8,97.0,-4.2,94.0,8.0,170.0,978.7,0.0,0.0,0.0,0.0,0.04,
2017-01-16,Destroyed,7:19,4.0,39,Boeing,ACT Airlines,Pratt Whitney,,Bishkek,42.8667,74.5667,2017-01-16 07:19:00,2017-01-16 07:00:00,-1.5,58.0,-8.6,1.0,3.3,354.0,932.8,0.0,0.0,0.0,0.0,0.61,
2017-04-08,Substantial,22:17,69.0,0,Boeing,Malaysia Airlines,CFMI,,Sibu,2.303,111.843,2017-04-08 22:17:00,2017-04-08 22:00:00,24.5,97.0,23.9,100.0,3.3,131.0,1008.2,0.0,0.0,0.0,0.0,0.0,
2017-11-19,Substantial,13:21,72.0,0,ATR,Virgin Australia Airlines,Pratt Whitney,,Canberra,-35.2931,149.1269,2017-11-19 13:21:00,2017-11-19 13:00:00,13.1,92.0,11.9,96.0,9.3,106.0,959.9,0.0,0.0,0.0,0.0,0.0,
2015-08-15,Substantial,18:34,159.0,0,Airbus,American Airlines,IAE,,Charlotte,35.2083,-80.8303,2015-08-15 18:34:00,2015-08-15 18:00:00,31.9,34.0,14.2,95.0,3.1,249.0,996.9,0.0,0.0,0.0,0.0,0.0,
2015-08-28,Substantial,15:50,2.0,0,Boeing,Cardig Air,CFMI,,Wamena,-4.0975,138.9511,2015-08-28 15:50:00,2015-08-28 15:00:00,15.3,97.0,14.9,100.0,3.3,131.0,838.9,0.0,0.0,0.0,0.0,0.0,
2015-12-10,Substantial,17:05,7.0,0,Raytheon,Sky Mast,Williams International,7.0,Chicago,41.8375,-87.6866,2015-12-10 17:05:00,2015-12-10 17:00:00,12.0,64.0,5.4,100.0,35.6,200.0,978.3,0.0,0.0,0.0,0.0,0.0,
2014-01-05,Substantial,21:10,179.0,0,Airbus,Air India,IAE,,Jaipur,26.9,75.8,2014-01-05 21:10:00,2014-01-05 21:00:00,8.1,80.0,4.9,0.0,8.6,15.0,963.5,0.0,0.0,0.0,0.0,0.0,
2014-01-12,Destroyed,11:52,4.0,4,Cessna,Theo Steil GmbH,Pratt Whitney,33.0,Trier,49.7567,6.6414,2014-01-12 11:52:00,2014-01-12 11:00:00,1.0,97.0,0.6,82.0,6.8,90.0,1007.1,0.0,0.0,0.0,0.0,0.0,
2014-01-18,Substantial,4:23,4.0,0,McDonnell,Aeronaves TSM,Pratt Whitney,,Saltillo,25.4231,-100.9919,2014-01-18 04:23:00,2014-01-18 04:00:00,5.6,95.0,4.8,4.0,5.6,140.0,845.3,0.0,0.0,0.0,0.0,0.0,
2014-01-29,Substantial,8:42,15.0,0,de,Air Greenland,Pratt Whitney,,Ilulissat,69.2167,-51.1,2014-01-29 08:42:00,2014-01-29 08:00:00,0.7,46.0,-9.7,100.0,32.8,129.0,981.5,0.0,0.0,0.0,0.0,0.35,
2014-07-23,Destroyed,19:06,58.0,48,ATR,TransAsia Airways,Pratt Whitney,,Magong,23.5667,119.5833,2014-07-23 19:06:00,2014-07-23 19:00:00,28.2,86.0,25.6,100.0,47.3,202.0,998.7,0.9,0.9,0.0,0.0,,
2014-11-09,Destroyed,16:52,9.0,9,Learjet,Diplomat Aviation (Ba.),Garrett,35.0,Freeport,40.6515,-73.585,2014-11-09 16:52:00,2014-11-09 16:00:00,10.2,64.0,3.6,100.0,9.4,270.0,1013.2,0.0,0.0,0.0,0.0,0.0,
2014-12-08,Destroyed,10:41,3.0,6,Embraer,Sage Aviation,Pratt Whitney,5.0,Gaithersburg,39.1346,-77.2131,2014-12-08 10:41:00,2014-12-08 10:00:00,-1.3,46.0,-11.4,100.0,5.4,82.0,1017.0,0.0,0.0,0.0,0.0,0.0,
2014-12-30,Substantial,8:25,1.0,0,Cessna,FedEx,,27.0,Roswell,34.0391,-84.3513,2014-12-30 08:25:00,2014-12-30 08:00:00,9.9,87.0,7.9,99.0,8.1,315.0,981.9,0.0,0.0,0.0,0.0,0.0,
2013-01-29,Destroyed,13:10,21.0,21,Canadair,SCAT,General Electric,13.0,Almaty,43.24,76.915,2013-01-29 13:10:00,2013-01-29 13:00:00,-4.3,82.0,-7.0,99.0,10.5,286.0,922.2,0.1,0.0,0.0,0.07,0.57,
2013-02-15,Substantial,9:00,3.0,0,Embraer,Abelag Aviation,Pratt Whitney,3.0,Berlin,52.52,13.405,2013-02-15 09:00:00,2013-02-15 09:00:00,1.1,83.0,-1.5,77.0,10.1,117.0,1014.8,0.0,0.0,0.0,0.0,0.02,
2013-06-16,Substantial,22:22,5.0,0,Bombardier,Capital Investment Worldwide,Rolls-Royce,8.0,Singapore,1.3,103.8,2013-06-16 22:22:00,2013-06-16 22:00:00,28.4,75.0,23.5,100.0,9.0,275.0,1004.2,0.0,0.0,0.0,0.0,0.0,
2013-10-10,Substantial,ca 14:50,16.0,2,de,MASwings,Pratt Whitney,30.0,Kudat,6.8837,116.8477,2013-10-10 12:00:00,2013-10-10 12:00:00,25.6,87.0,23.4,99.0,17.7,243.0,1009.6,0.0,0.0,0.0,0.0,0.0,
2012-04-20,Destroyed,18:40,127.0,127,Boeing,Bhoja Airlines,Pratt Whitney,,Islamabad,33.6931,73.0639,2012-04-20 18:40:00,2012-04-20 18:00:00,18.6,93.0,17.4,57.0,11.8,67.0,951.4,2.4,2.4,0.0,0.0,0.0,
2012-06-10,Destroyed,10:40,22.0,5,Let,Ukrainska Shkola Pilotov,Walter,31.0,Borodyanka,50.6439,29.9339,2012-06-10 10:40:00,2012-06-10 10:00:00,23.2,80.0,19.6,100.0,9.6,257.0,996.8,4.4,4.4,0.0,0.0,0.0,
2012-07-28,Destroyed,7:45,8.0,8,Beechcraft,Vilma Alimentos,Pratt Whitney,3.0,Juiz de Fora,-21.7642,-43.3503,2012-07-28 07:45:00,2012-07-28 07:00:00,14.8,99.0,14.7,100.0,2.7,247.0,938.8,0.0,0.0,0.0,0.0,0.0,
2011-01-06,Damaged beyond repair,11:00,6.0,0,Learjet,Priester Aviation,Garrett,33.0,Springfield,42.1155,-72.5395,2011-01-06 11:00:00,2011-01-06 11:00:00,-5.3,58.0,-12.2,78.0,3.4,288.0,1000.6,0.0,0.0,0.0,0.0,0.03,
2011-02-10,Destroyed,9:50,12.0,6,Swearingen,Flightline,Garrett,19.0,Cork,51.9,-8.4731,2011-02-10 09:50:00,2011-02-10 09:00:00,3.9,99.0,3.7,65.0,14.0,48.0,1010.5,0.0,0.0,0.0,0.0,0.0,
2011-04-04,Destroyed,13:56,33.0,32,Canadair,Georgian Airways,General Electric,16.0,Kinshasa,-4.3219,15.3119,2011-04-04 13:56:00,2011-04-04 13:00:00,30.1,64.0,22.6,83.0,0.8,117.0,976.9,0.0,0.0,0.0,0.0,0.0,
2011-06-20,Destroyed,23:40,52.0,47,Tupolev,RusAir,Soloviev,31.0,Petrozavodsk,61.7833,34.3333,2011-06-20 23:40:00,2011-06-20 23:00:00,13.0,100.0,13.0,100.0,23.9,247.0,981.1,2.2,2.2,0.0,0.0,0.0,
2011-07-17,Substantial,10:21,25.0,0,ATR,Air Contractors,Pratt Whitney,,Shannon,52.7137,-8.8686,2011-07-17 10:21:00,2011-07-17 10:00:00,13.0,87.0,10.9,100.0,25.7,301.0,999.4,0.0,0.0,0.0,0.0,0.0,
2010-04-10,Destroyed,10:41,96.0,96,Tupolev,Polish AF,Soloviev,20.0,Smolensk,54.7828,32.0453,2010-04-10 10:41:00,2010-04-10 10:00:00,9.5,55.0,0.9,51.0,13.1,106.0,993.8,0.0,0.0,0.0,0.0,0.0,
2010-08-03,Destroyed,1:19,15.0,12,Antonov,Katekavia,Ivchenko,36.0,Igarka,67.4667,86.5833,2010-08-03 01:19:00,2010-08-03 01:00:00,13.1,96.0,12.6,100.0,20.5,298.0,998.6,0.0,0.0,0.0,0.0,0.0,
2009-10-26,Destroyed,21:34,5.0,5,British,S-Air,Garrett,23.0,Minsk,53.9006,27.5586,2009-10-26 21:34:00,2009-10-26 21:00:00,10.3,100.0,10.2,100.0,8.4,239.0,989.6,0.0,0.0,0.0,0.0,0.0,
2008-11-27,Substantial,15:15,5.0,0,British,Northwestern Air,Garrett,21.0,Fort Smith,35.3495,-94.3695,2008-11-27 15:15:00,2008-11-27 15:00:00,7.6,87.0,5.6,0.0,0.8,117.0,1001.5,0.0,0.0,0.0,0.0,0.0,
2007-03-17,Destroyed,11:42,57.0,6,Tupolev,UTair Aviation,Soloviev,31.0,Samara,53.2028,50.1408,2007-03-17 11:42:00,2007-03-17 11:00:00,2.2,63.0,-4.2,83.0,6.8,18.0,995.6,0.0,0.0,0.0,0.0,0.39,
2007-03-17,Substantial,14:30,6.0,0,Cessna,Air Trek,Pratt Whitney,33.0,Beverly,42.5681,-70.8627,2007-03-17 14:30:00,2007-03-17 14:00:00,3.9,98.0,3.6,100.0,13.4,333.0,993.4,1.2,1.2,0.0,0.0,0.1,
2006-06-02,Damaged beyond repair,14:40,5.0,2,Learjet,Robertson Asset Management,Garrett,26.0,New London,41.3502,-72.1022,2006-06-02 14:40:00,2006-06-02 14:00:00,20.1,94.0,19.1,100.0,9.7,231.0,1011.3,0.0,0.0,0.0,0.0,0.0,
2005-08-23,Destroyed,15:09,98.0,40,Boeing,TANS,Pratt Whitney,,Pucallpa,-8.3833,-74.55,2005-08-23 15:09:00,2005-08-23 15:00:00,27.4,78.0,23.2,25.0,3.3,193.0,995.6,0.0,0.0,0.0,0.0,0.0,
2005-10-06,Destroyed,5:43,1.0,1,Cessna,FedEx,Pratt Whitney,9.0,Winnipeg,49.8844,-97.1464,2005-10-06 05:43:00,2005-10-06 05:00:00,0.0,91.0,-1.3,100.0,32.4,15.0,993.5,0.5,0.0,0.0,0.35,0.13,
2004-01-05,Substantial,8:17,32.0,0,Fokker,Austrian Airlines,Rolls-Royce,9.0,Munich,48.1375,11.575,2004-01-05 08:17:00,2004-01-05 08:00:00,-1.3,86.0,-3.3,69.0,22.0,265.0,955.9,0.3,0.0,0.0,0.21,0.17,
2004-05-29,Substantial,10:13,6.0,0,British,Flightline,Lycoming,,Florence,43.7714,11.2542,2004-05-29 10:13:00,2004-05-29 10:00:00,17.7,65.0,11.0,28.0,16.7,33.0,1012.9,0.0,0.0,0.0,0.0,0.0,
2004-12-06,Destroyed,10:20,2.0,2,Cessna,Salmon Air,Pratt Whitney,4.0,Bellevue,47.5951,-122.1535,2004-12-06 10:20:00,2004-12-06 10:00:00,2.2,94.0,1.4,98.0,8.8,102.0,987.7,0.0,0.0,0.0,0.0,0.0,
2003-01-24,Damaged beyond repair,10:15,2.0,0,Cessna,FedEx,Pratt Whitney,16.0,San Angelo,31.4424,-100.4504,2003-01-24 10:15:00,2003-01-24 10:00:00,-3.8,63.0,-9.8,4.0,12.0,111.0,961.9,0.0,0.0,0.0,0.0,0.0,
2003-04-08,Destroyed,13:49,3.0,3,Dassault,Grand Aire Express,General Electric,35.0,Toledo,41.6638,-83.5827,2003-04-08 13:49:00,2003-04-08 13:00:00,-1.1,91.0,-2.4,100.0,17.9,34.0,1002.6,0.0,0.0,0.0,0.0,0.07,
2003-10-29,Substantial,8:54,1.0,1,Cessna,FedEx,Pratt Whitney,12.0,Cody,44.5213,-109.0548,2003-10-29 08:54:00,2003-10-29 08:00:00,10.1,69.0,4.6,58.0,8.8,161.0,824.1,0.0,0.0,0.0,0.0,0.0,
2003-11-29,Destroyed,8:01,1.0,1,Swearingen,Ameriflight,Garrett,22.0,Spokane,47.6671,-117.433,2003-11-29 08:01:00,2003-11-29 08:00:00,4.7,94.0,3.9,100.0,26.9,208.0,941.7,1.0,1.0,0.0,0.0,0.09,
2003-12-04,Damaged beyond repair,9:09,4.0,0,Dornier,Kato Air,Garrett,16.0,Bodo,67.2827,14.3751,2003-12-04 09:09:00,2003-12-04 09:00:00,4.8,88.0,3.0,100.0,41.8,222.0,984.6,0.7,0.6,0.0,0.07,0.01,
2002-01-21,Substantial,13:03,93.0,0,Airbus,All Nippon,IAE,3.0,Hakodate,41.7686,140.7289,2002-01-21 13:03:00,2002-01-21 13:00:00,5.3,90.0,3.7,100.0,37.6,119.0,1001.0,2.9,2.9,0.0,0.0,0.1,
2002-03-15,Substantial,2:00,1.0,1,Cessna,Priority Air Charter,Pratt Whitney,14.0,Alma,48.55,-71.65,2002-03-15 02:00:00,2002-03-15 02:00:00,-11.8,71.0,-16.0,0.0,14.4,323.0,1015.9,0.0,0.0,0.0,0.0,0.79,
2002-08-18,Damaged beyond repair,13:28,2.0,0,Learjet,Sky Service Aviation,Garrett,23.0,Olbia,40.9167,9.5,2002-08-18 13:28:00,2002-08-18 13:00:00,27.8,57.0,18.6,13.0,5.0,339.0,1012.7,0.0,0.0,0.0,0.0,0.0,
2002-08-29,Damaged beyond repair,ca 18:56,16.0,16,Antonov,Vostok Aviakompania,Glushenkov,12.0,Ayan,56.4583,138.1681,2002-08-29 12:00:00,2002-08-29 12:00:00,13.8,98.0,13.5,71.0,5.9,166.0,1009.4,0.0,0.0,0.0,0.0,0.0,
2002-12-17,Destroyed,22:51,1.0,1,Cessna,Planemasters,Pratt Whitney,14.0,Rockford,42.2596,-89.064,2002-12-17 22:51:00,2002-12-17 22:00:00,0.3,85.0,-1.9,100.0,20.4,98.0,986.0,0.2,0.2,0.0,0.0,0.0,
2002-12-27,Substantial,ca 18:00,14.0,0,Cessna,Tropic Air,Pratt Whitney,0.0,San Pedro,14.3583,121.0583,2002-12-27 12:00:00,2002-12-27 12:00:00,26.6,82.0,23.2,3.0,8.9,104.0,1009.6,0.0,0.0,0.0,0.0,0.0,
2001-02-07,Damaged beyond repair,23:09,143.0,0,Airbus,Iberia,CFMI,1.0,Bilbao,43.2569,-2.9236,2001-02-07 23:09:00,2001-02-07 23:00:00,12.8,55.0,4.0,90.0,22.7,190.0,999.1,0.0,0.0,0.0,0.0,0.0,
2001-10-16,Substantial,21:30,2.0,0,Embraer,ACE Air Cargo,Pratt Whitney,12.0,Bethel,39.8458,-75.4891,2001-10-16 21:30:00,2001-10-16 21:00:00,18.3,51.0,8.1,10.0,14.5,157.0,996.0,0.0,0.0,0.0,0.0,0.0,
2001-12-01,Destroyed,1:43,2.0,2,Cessna,Air Carriers,Pratt Whitney,3.0,Bessemer,33.3712,-86.9728,2001-12-01 01:43:00,2001-12-01 01:00:00,10.3,83.0,7.6,0.0,4.7,328.0,1001.0,0.0,0.0,0.0,0.0,0.0,
2000-03-19,Damaged beyond repair,,10.0,0,Antonov,Air Urga,Ivchenko,16.0,Goma,-1.6794,29.2336,2000-03-19 12:00:00,2000-03-19 12:00:00,19.7,85.0,17.2,98.0,7.8,338.0,850.1,0.3,0.3,0.0,0.0,0.0,
2000-03-26,Destroyed,8:40,1.0,1,Cessna,private,Williams International,5.0,Buda,30.0758,-97.8487,2000-03-26 08:40:00,2000-03-26 08:00:00,19.9,98.0,19.5,100.0,10.1,174.0,991.3,0.0,0.0,0.0,0.0,0.0,
2000-06-22,Destroyed,14:51,42.0,49,Xian,Wuhan Airlines,Harbin,12.0,Wuhan,30.5934,114.3046,2000-06-22 14:51:00,2000-06-22 14:00:00,24.7,89.0,22.9,52.0,9.4,162.0,1000.2,0.0,0.0,0.0,0.0,0.0,
2000-11-25,Destroyed,6:04,2.0,1,Aerospatiale,Mayoral Executive Jet,Pratt Whitney,24.0,Cordoba,-31.4167,-64.1833,2000-11-25 06:04:00,2000-11-25 06:00:00,13.4,79.0,9.9,0.0,7.3,11.0,971.6,0.0,0.0,0.0,0.0,0.0,
1999-01-28,Damaged beyond repair,21:15,84.0,0,McDonnell,Alitalia,Pratt Whitney,11.0,Catania,37.5027,15.0873,1999-01-28 21:15:00,1999-01-28 21:00:00,9.0,64.0,2.5,25.0,16.9,270.0,1004.4,0.0,0.0,0.0,0.0,0.0,
1999-06-01,Destroyed,23:51,145.0,11,McDonnell,American Airlines,Pratt Whitney,16.0,Little Rock,34.7256,-92.3577,1999-06-01 23:51:00,1999-06-01 23:00:00,30.6,53.0,19.8,71.0,17.8,212.0,997.2,0.0,0.0,0.0,0.0,0.0,
1999-07-09,Damaged beyond repair,4:30,4.0,4,Hawker,Aero Jet Express,,,Toluca,19.2925,-99.6569,1999-07-09 04:30:00,1999-07-09 04:00:00,11.7,93.0,10.6,91.0,4.7,86.0,747.9,0.6,0.6,0.0,0.0,0.0,
1999-08-22,Damaged beyond repair,18:43,315.0,3,McDonnell,China Airlines,Pratt Whitney,7.0,Hong Kong,22.3,114.2,1999-08-22 18:43:00,1999-08-22 18:00:00,26.1,95.0,25.2,100.0,43.0,192.0,1000.0,12.0,12.0,0.0,0.0,0.0,
1998-02-19,Damaged beyond repair,0:04,2.0,2,Swearingen,Ibertrans A챕rea,Garrett,22.0,Barcelona,41.3833,2.1833,1998-02-19 00:04:00,1998-02-19 00:00:00,7.6,96.0,6.9,0.0,7.0,305.0,1032.3,0.0,0.0,0.0,0.0,0.0,
1998-02-26,Substantial,17:29,92.0,0,Fokker,US Airways,,,Birmingham,52.48,-1.9025,1998-02-26 17:29:00,1998-02-26 17:00:00,10.5,72.0,5.7,99.0,19.9,228.0,1008.0,0.0,0.0,0.0,0.0,0.0,
1998-03-10,Substantial,16:39,66.0,0,British,Air Botswana,Lycoming,,Hwange,-18.3647,26.5,1998-03-10 16:39:00,1998-03-10 16:00:00,32.6,36.0,15.6,39.0,12.9,63.0,924.6,0.0,0.0,0.0,0.0,0.0,
1997-01-09,Destroyed,15:54,29.0,29,Embraer,Delta Connection,Pratt Whitney,6.0,Monroe,32.5185,-92.0774,1997-01-09 15:54:00,1997-01-09 15:00:00,2.0,78.0,-1.4,73.0,22.6,261.0,1006.9,0.0,0.0,0.0,0.0,0.0,
1997-03-04,Substantial,13:10 UTC,1.0,1,Cessna,Air Georgian,Pratt Whitney,9.0,Barrie,44.3711,-79.6769,1997-03-04 12:00:00,1997-03-04 12:00:00,-5.5,73.0,-9.6,99.0,6.4,117.0,987.0,0.0,0.0,0.0,0.07,0.2,
1997-05-08,Destroyed,21:28,74.0,35,Boeing,China Southern,CFMI,,Shenzhen,22.5415,114.0596,1997-05-08 21:28:00,1997-05-08 21:00:00,23.4,99.0,23.2,100.0,3.0,166.0,1007.9,1.8,1.8,0.0,0.0,0.0,
1997-05-22,Substantial,14:38,168.0,0,Boeing,Alitalia,General Electric,,Newark,40.7245,-74.1725,1997-05-22 14:38:00,1997-05-22 14:00:00,12.0,50.0,1.8,40.0,28.0,314.0,1014.4,0.0,0.0,0.0,0.0,0.0,
1997-06-07,Substantial,,19.0,0,CASA,Merpati Nusantara,Garrett,,Ambon,-3.6967,128.1783,1997-06-07 12:00:00,1997-06-07 12:00:00,26.7,71.0,21.0,2.0,5.4,94.0,1014.7,0.0,0.0,0.0,0.0,0.0,
1997-09-26,Destroyed,13:34,234.0,234,Airbus,Garuda,Pratt Whitney,,Medan,3.5894,98.6739,1997-09-26 13:34:00,1997-09-26 13:00:00,25.0,98.0,24.7,97.0,2.9,263.0,1009.4,0.0,0.0,0.0,0.0,0.0,
1997-11-25,Substantial,10:03,2.0,0,Cessna,Air Georgian,Pratt Whitney,9.0,North Bay,46.3,-79.45,1997-11-25 10:03:00,1997-11-25 10:00:00,-2.0,81.0,-4.8,100.0,22.9,217.0,987.5,0.0,0.0,0.0,0.0,0.08,
1997-12-24,Substantial,22:48,213.0,0,Boeing,Transavia Airlines,Rolls-Royce,3.0,Amsterdam,52.3728,4.8936,1997-12-24 22:48:00,1997-12-24 22:00:00,11.2,85.0,8.8,99.0,39.6,229.0,1005.9,0.0,0.0,0.0,0.0,0.0,
1996-01-02,Substantial,17:36,5.0,0,Cessna,Jet Aviation,,1.0,Augsburg,48.3689,10.8978,1996-01-02 17:36:00,1996-01-02 17:00:00,-1.3,91.0,-2.6,95.0,3.8,319.0,953.2,0.0,0.0,0.0,0.0,0.04,
1996-07-25,Damaged beyond repair,,11.0,0,Yakovlev,NovgorodAvia,Ivchenko,24.0,Monrovia,6.3133,-10.8014,1996-07-25 12:00:00,1996-07-25 12:00:00,25.2,88.0,23.1,100.0,18.1,203.0,1012.8,0.9,0.9,0.0,0.0,0.0,
1995-03-03,Destroyed,19:43,2.0,2,Cessna,DMC Flying Service,Pratt Whitney,2.0,Gainesville,29.6804,-82.3459,1995-03-03 19:43:00,1995-03-03 19:00:00,21.2,54.0,11.5,95.0,8.6,90.0,1015.7,0.0,0.0,0.0,0.0,0.0,
1995-04-23,Damaged beyond repair,12:40,9.0,1,de,Bristow Helicopters,Pratt Whitney,16.0,Lagos,6.455,3.3841,1995-04-23 12:40:00,1995-04-23 12:00:00,28.3,85.0,25.5,100.0,8.8,215.0,1008.5,2.0,2.0,0.0,0.0,0.0,
1994-02-24,Damaged beyond repair,11:16,13.0,13,Antonov,Pulkovo,Ivchenko,23.0,Nalchik,43.4833,43.6167,1994-02-24 11:16:00,1994-02-24 11:00:00,2.0,76.0,-1.8,60.0,7.0,78.0,961.4,0.0,0.0,0.0,0.0,0.34,
1994-05-07,Damaged beyond repair,12:48,16.0,0,Embraer,RICO,,18.0,Sao Gabriel,-30.3358,-54.32,1994-05-07 12:48:00,1994-05-07 12:00:00,22.2,90.0,20.4,41.0,3.6,315.0,1002.6,0.0,0.0,0.0,0.0,0.0,
1994-07-02,Destroyed,18:43,57.0,37,McDonnell,USAir,Pratt Whitney,21.0,Charlotte,35.2083,-80.8303,1994-07-02 18:43:00,1994-07-02 18:00:00,30.6,50.0,19.1,61.0,4.7,157.0,992.5,0.0,0.0,0.0,0.0,0.0,
1994-09-18,Destroyed,8:07,39.0,5,BAC,Oriental Airlines,Rolls-Royce,24.0,Tamanrasset,22.7889,5.5256,1994-09-18 08:07:00,1994-09-18 08:00:00,23.6,42.0,9.8,5.0,12.4,248.0,870.3,0.0,0.0,0.0,0.0,0.0,
1994-12-21,Destroyed,9:53,5.0,5,Boeing,Air Alg챕rie,Pratt Whitney,,Coventry,52.4081,-1.5106,1994-12-21 09:53:00,1994-12-21 09:00:00,0.0,99.0,-0.1,45.0,9.7,15.0,1010.9,0.0,0.0,0.0,0.0,0.0,
1993-01-02,Substantial,19:42,31.0,0,Saab,Express Airlines,General Electric,,Hibbing,47.398,-92.9486,1993-01-02 19:42:00,1993-01-02 19:00:00,-9.9,77.0,-13.1,100.0,20.7,163.0,959.2,0.2,0.0,0.0,0.14,0.48,
1993-04-18,Damaged beyond repair,12:44,76.0,0,McDonnell,Japan Air System,Pratt Whitney,15.0,Morioka,39.7021,141.1545,1993-04-18 12:44:00,1993-04-18 12:00:00,1.1,77.0,-2.5,4.0,17.4,294.0,991.4,0.0,0.0,0.0,0.0,0.07,
1993-04-26,Substantial,17:22,90.0,0,McDonnell,Continental Air Lines,,8.0,Denver,39.762,-104.8758,1993-04-26 17:22:00,1993-04-26 17:00:00,17.4,28.0,-1.5,92.0,8.6,147.0,841.5,0.0,0.0,0.0,0.0,0.0,
1992-03-21,Minor,18:56,5.0,0,Cessna,private,,,Lugano,46.0103,8.9625,1992-03-21 18:56:00,1992-03-21 18:00:00,14.8,70.0,9.3,52.0,7.2,183.0,980.2,0.0,0.0,0.0,0.0,0.0,
1992-12-01,Damaged beyond repair,,,0,Canadair,Tradewinds,Rolls-Royce,,Aguadilla,18.4382,-67.1537,1992-12-01 12:00:00,1992-12-01 12:00:00,24.3,87.0,22.0,40.0,10.9,98.0,1010.2,0.0,0.0,0.0,0.0,0.0,
1992-12-21,Damaged beyond repair,8:33,340.0,56,McDonnell,Martinair Holland,General Electric,17.0,Faro,37.0161,-7.935,1992-12-21 08:33:00,1992-12-21 08:00:00,14.2,91.0,12.8,100.0,25.8,150.0,1012.7,0.2,0.2,0.0,0.0,0.0,
1991-01-11,Substantial,20:30,4.0,0,Beechcraft,United Executive Jet,Pratt Whitney,14.0,Vichy,46.1278,3.4267,1991-01-11 20:30:00,1991-01-11 20:00:00,7.6,86.0,5.4,100.0,8.9,230.0,992.0,0.0,0.0,0.0,0.0,0.0,
1991-01-30,Destroyed,23:55,19.0,0,British,USAir Express,Garrett,5.0,Beckley,37.7877,-81.1841,1991-01-30 23:55:00,1991-01-30 23:00:00,8.1,100.0,8.1,100.0,10.5,292.0,927.2,0.6,0.6,0.0,0.0,0.0,
1991-03-15,Damaged beyond repair,21:07,4.0,0,Learjet,L챠der T찼xi A챕reo,Garrett,10.0,Uberlandia,-18.9189,-48.2769,1991-03-15 21:07:00,1991-03-15 21:00:00,23.9,79.0,20.0,96.0,9.7,195.0,914.6,0.3,0.3,0.0,0.0,0.0,
1991-07-10,Destroyed,18:12,15.0,13,Beechcraft,L'Express Airlines,Pratt Whitney,7.0,Birmingham,52.48,-1.9025,1991-07-10 18:12:00,1991-07-10 18:00:00,21.9,62.0,14.2,1.0,15.9,142.0,999.0,0.0,0.0,0.0,0.0,0.0,
1991-11-16,Substantial,6:10,1.0,1,Cessna,FedEx,Pratt Whitney,4.0,Destin,30.395,-86.4701,1991-11-16 06:10:00,1991-11-16 06:00:00,15.5,100.0,15.5,9.0,7.7,127.0,1020.6,0.0,0.0,0.0,0.0,0.0,
1991-11-26,Damaged beyond repair,5:02,41.0,41,Antonov,Tatarstan,Ivchenko,20.0,Bugulma,54.5364,52.7975,1991-11-26 05:02:00,1991-11-26 05:00:00,-1.8,94.0,-2.7,100.0,16.3,256.0,986.4,0.0,0.0,0.0,0.0,0.15,
1990-01-19,Destroyed,17:09,7.0,7,Gulfstream,Eastman Kodak,Rolls-Royce,10.0,Little Rock,34.7256,-92.3577,1990-01-19 17:09:00,1990-01-19 17:00:00,7.1,99.0,6.9,100.0,13.7,72.0,1006.5,0.2,0.2,0.0,0.0,0.0,
1990-02-27,Destroyed,19:47,1.0,1,Cessna,Federal Express,Pratt Whitney,5.0,Denver,39.762,-104.8758,1990-02-27 19:47:00,1990-02-27 19:00:00,6.5,54.0,-2.1,100.0,7.4,39.0,847.2,0.0,0.0,0.0,0.0,0.01,
1990-06-06,Damaged beyond repair,5:29,42.0,22,Fairchild,TABA,,23.0,Altamira,-3.2028,-52.2058,1990-06-06 05:29:00,1990-06-06 05:00:00,23.0,99.0,22.8,100.0,7.0,78.0,1001.9,0.0,0.0,0.0,0.0,0.0,
1989-03-15,Destroyed,7:26,2.0,2,NAMC,Mid Pacific Airlines,Rolls-Royce,19.0,Lafayette,30.2082,-92.0325,1989-03-15 07:26:00,1989-03-15 07:00:00,18.5,92.0,17.0,20.0,15.7,189.0,1008.9,0.0,0.0,0.0,0.0,0.0,
1989-10-02,Damaged beyond repair,13:00,1.0,0,Cessna,Owners Jet Services,Pratt Whitney,,Sedona,34.8581,-111.7941,1989-10-02 13:00:00,1989-10-02 13:00:00,12.2,55.0,3.4,0.0,9.3,152.0,864.1,0.0,0.0,0.0,0.0,0.0,
1989-12-26,Destroyed,22:30,6.0,6,British,United Express,Garrett,2.0,Pasco,46.2506,-119.1305,1989-12-26 22:30:00,1989-12-26 22:00:00,0.7,86.0,-1.5,100.0,5.7,342.0,1011.9,0.0,0.0,0.0,0.0,0.0,
1988-10-19,Destroyed,6:53,135.0,133,Boeing,Indian Airlines,Pratt Whitney,,Ahmedabad,23.0225,72.5714,1988-10-19 06:53:00,1988-10-19 06:00:00,29.3,67.0,22.6,10.0,5.5,191.0,1004.5,0.0,0.0,0.0,0.0,0.0,
1987-04-04,Damaged beyond repair,ca. 14:40,45.0,23,McDonnell,Garuda,Pratt Whitney,11.0,Medan,3.5894,98.6739,1987-04-04 12:00:00,1987-04-04 12:00:00,25.1,94.0,24.0,100.0,6.2,277.0,1006.1,0.1,0.1,0.0,0.0,0.0,
1987-12-14,Destroyed,13:58,8.0,0,British,Northwest Airlink,Garrett,1.0,Joplin,37.0757,-94.5018,1987-12-14 13:58:00,1987-12-14 13:00:00,-0.3,92.0,-1.5,100.0,16.1,39.0,978.3,3.0,2.3,0.0,0.49,0.04,
1987-12-17,Substantial,19:36,8.0,0,Swearingen,AVAir,Garrett,9.0,Washington,38.9047,-77.0163,1987-12-17 19:36:00,1987-12-17 19:00:00,4.3,45.0,-6.5,99.0,24.7,314.0,1014.9,0.0,0.0,0.0,0.0,0.0,
1986-05-16,Substantial,10:42,9.0,0,Beechcraft,Centennial Airlines,,3.0,Laramie,41.3099,-105.6085,1986-05-16 10:42:00,1986-05-16 10:00:00,1.5,99.0,1.4,100.0,9.5,349.0,780.6,1.2,0.5,0.0,0.49,0.02,
1986-09-14,Damaged beyond repair,3:10,1.0,1,Britten-Norman,Kondair,Lycoming,10.0,Amsterdam,52.3728,4.8936,1986-09-14 03:10:00,1986-09-14 03:00:00,13.9,95.0,13.2,99.0,21.3,210.0,1000.8,0.3,0.3,0.0,0.0,0.0,
1986-12-15,Damaged beyond repair,,44.0,6,Antonov,CAAC,Ivchenko,13.0,Lanzhou,36.0606,103.8268,1986-12-15 12:00:00,1986-12-15 12:00:00,-3.1,80.0,-6.1,98.0,7.3,57.0,849.2,0.1,0.0,0.0,0.07,0.01,
1985-03-28,Destroyed,ca 09:50,46.0,46,Fokker,SATENA,,,Florencia,1.6139,-75.6128,1985-03-28 12:00:00,1985-03-28 12:00:00,20.8,100.0,20.7,100.0,2.3,219.0,981.7,0.0,0.0,0.0,0.0,0.0,
1983-01-11,Destroyed,,5.0,5,Rockwell,Sun Oil Co,Garrett,2.0,Toronto,43.7417,-79.3733,1983-01-11 12:00:00,1983-01-11 12:00:00,3.5,89.0,1.9,99.0,15.3,221.0,979.4,0.0,0.0,0.0,0.0,0.0,
1982-02-01,Destroyed,0:45,7.0,0,Beechcraft,Pilgrim Airlines,Pratt Whitney,13.0,Groton,42.6137,-71.5614,1982-02-01 00:45:00,1982-02-01 00:00:00,-1.4,82.0,-4.1,100.0,16.1,74.0,1009.1,0.2,0.2,0.0,0.0,0.47,
1980-04-27,Damaged beyond repair,6:55,53.0,44,Hawker,Thai Airways,,16.0,Bangkok,13.7525,100.4942,1980-04-27 06:55:00,1980-04-27 06:00:00,34.2,53.0,23.2,55.0,15.7,171.0,1008.5,0.1,0.1,0.0,0.0,0.0,
1980-05-11,Damaged beyond repair,,3.0,0,Boeing,Sabena,Pratt Whitney,15.0,Douala,4.05,9.7,1980-05-11 12:00:00,1980-05-11 12:00:00,26.6,92.0,25.3,98.0,3.4,238.0,1011.6,3.1,3.1,0.0,0.0,0.0,
1979-01-15,Destroyed,,14.0,13,Antonov,Aeroflot,,14.0,Minsk,53.9006,27.5586,1979-01-15 12:00:00,1979-01-15 12:00:00,-4.0,92.0,-5.1,100.0,33.2,72.0,994.4,0.0,0.0,0.0,0.0,0.45,
1979-03-14,Damaged beyond repair,ca 23:40,64.0,45,Boeing,Alia,Pratt Whitney,,Doha,25.2867,51.5333,1979-03-14 12:00:00,1979-03-14 12:00:00,22.6,80.0,19.0,47.0,24.0,114.0,1007.9,0.0,0.0,0.0,0.0,0.0,
1979-10-25,Damaged beyond repair,15:20,51.0,0,Vickers,Alidair,,24.0,Kirkwall,58.981,-2.96,1979-10-25 15:20:00,1979-10-25 15:00:00,10.2,87.0,8.1,100.0,66.7,137.0,1006.5,0.0,0.0,0.0,0.0,0.0,
1977-01-15,Destroyed,9:05,22.0,22,Vickers,Linjeflyg,Rolls-Royce,,Stockholm,59.3275,18.0547,1977-01-15 09:05:00,1977-01-15 09:00:00,1.0,90.0,-0.4,100.0,18.7,140.0,1014.7,0.2,0.0,0.0,0.14,0.33,
1976-06-23,Damaged beyond repair,17:12,106.0,0,McDonnell,Allegheny Airlines,Pratt Whitney,7.0,Philadelphia,40.0077,-75.1339,1976-06-23 17:12:00,1976-06-23 17:00:00,25.3,74.0,20.4,49.0,7.2,180.0,1018.7,0.1,0.1,0.0,0.0,0.0,
1976-12-12,Damaged beyond repair,23:26,10.0,4,de,Allegheny Commuter,Pratt Whitney,7.0,Wildwood,38.58,-90.6698,1976-12-12 23:26:00,1976-12-12 23:00:00,1.4,73.0,-3.0,31.0,13.1,323.0,992.9,0.0,0.0,0.0,0.0,0.01,
1975-02-23,Damaged beyond repair,19:53,2.0,1,Rockwell,General Motors,General Electric,,Pontiac,42.6493,-83.2878,1975-02-23 19:53:00,1975-02-23 19:00:00,3.4,87.0,1.4,100.0,14.5,7.0,971.5,0.0,0.0,0.0,0.0,0.08,
1975-06-24,Destroyed,16:05,124.0,113,Boeing,Eastern Air Lines,Pratt Whitney,,New York,40.6943,-73.9249,1975-06-24 16:05:00,1975-06-24 16:00:00,30.3,61.0,22.0,8.0,8.8,289.0,1018.5,0.0,0.0,0.0,0.0,0.0,
1975-07-11,Damaged beyond repair,23:55,9.0,0,Grumman,Collins Radio,,10.0,Dallas,32.7935,-96.7667,1975-07-11 23:55:00,1975-07-11 23:00:00,32.2,30.0,12.2,18.0,9.4,43.0,994.2,0.0,0.0,0.0,0.0,0.0,
1974-01-30,Destroyed,23:41 AST,101.0,97,Boeing,Pan Am,Pratt Whitney,7.0,Pago Pago,-14.274,-170.7046,1974-01-30 12:00:00,1974-01-30 12:00:00,26.9,75.0,22.0,97.0,44.6,26.0,1005.4,0.6,0.6,0.0,0.0,,
1974-03-07,Damaged beyond repair,,,0,Douglas,Air Zaire,,27.0,Gemena,3.25,19.7667,1974-03-07 12:00:00,1974-03-07 12:00:00,30.6,62.0,22.5,17.0,7.0,125.0,962.3,0.0,0.0,0.0,0.0,0.0,
1974-05-06,Damaged beyond repair,22:21,3.0,3,Douglas,Fragtflug,Pratt Whitney,21.0,Nuremberg,49.4539,11.0775,1974-05-06 22:21:00,1974-05-06 22:00:00,3.8,82.0,1.0,97.0,12.9,293.0,978.8,0.0,0.0,0.0,0.0,0.0,
1974-05-31,Damaged beyond repair,18:22,34.0,0,Fokker,East West Airlines,,7.0,Bathurst,-33.42,149.5778,1974-05-31 18:22:00,1974-05-31 18:00:00,6.9,99.0,6.8,86.0,6.5,124.0,941.9,0.0,0.0,0.0,0.0,0.0,
1973-01-02,Destroyed,1:34,5.0,5,Boeing,Pacific Western,Pratt Whitney,9.0,Edmonton,53.5344,-113.4903,1973-01-02 01:34:00,1973-01-02 01:00:00,-1.7,81.0,-4.6,100.0,11.4,193.0,920.3,0.2,0.2,0.0,0.0,0.25,
1973-03-03,Damaged beyond repair,12:45,25.0,25,Ilyushin,Balkan Bulgarian,Ivchenko,11.0,Moskva,37.6567,69.6292,1973-03-03 12:45:00,1973-03-03 12:00:00,16.5,41.0,3.1,0.0,3.4,122.0,956.6,0.0,0.0,0.0,0.0,0.0,
1973-05-31,Destroyed,21:58,65.0,48,Boeing,Indian Airlines,Pratt Whitney,,Delhi,28.61,77.23,1973-05-31 21:58:00,1973-05-31 21:00:00,27.7,42.0,13.6,25.0,4.3,114.0,976.9,0.0,0.0,0.0,0.0,0.0,
1973-11-27,Damaged beyond repair,18:51,79.0,0,McDonnell,Delta Air Lines,Pratt Whitney,6.0,Chattanooga,35.066,-85.2481,1973-11-27 18:51:00,1973-11-27 18:00:00,20.6,96.0,19.9,99.0,17.8,194.0,986.6,1.3,1.3,0.0,0.0,0.0,
1973-12-17,Damaged beyond repair,15:43,168.0,0,McDonnell,Iberia,General Electric,0.0,Boston,42.3188,-71.0852,1973-12-17 15:43:00,1973-12-17 15:00:00,2.2,97.0,1.8,100.0,7.1,210.0,993.6,4.7,4.7,0.0,0.0,0.06,
1972-05-04,Destroyed,23:34,18.0,18,Yakovlev,Aeroflot,Ivchenko,2.0,Bratsk,56.1167,101.6,1972-05-04 23:34:00,1972-05-04 23:00:00,-2.1,67.0,-7.5,2.0,13.3,270.0,954.9,0.0,0.0,0.0,0.0,0.01,
1972-05-21,Damaged beyond repair,,25.0,22,Fokker,DTA,,2.0,Lobito,-12.35,13.5464,1972-05-21 12:00:00,1972-05-21 12:00:00,29.5,71.0,23.6,40.0,16.4,308.0,1010.0,0.0,0.0,0.0,0.0,0.0,
1971-01-02,Damaged beyond repair,,16.0,16,de,UAA,,11.0,Tripoli,32.8872,13.1914,1971-01-02 12:00:00,1971-01-02 12:00:00,19.5,43.0,6.6,26.0,37.2,251.0,1003.8,0.0,0.0,0.0,0.0,0.0,
1971-01-04,Damaged beyond repair,18:32,2.0,0,Douglas,FAA,Pratt Whitney,27.0,New York,40.6943,-73.9249,1971-01-04 18:32:00,1971-01-04 18:00:00,3.7,88.0,1.8,100.0,15.0,125.0,1016.6,0.8,0.8,0.0,0.0,0.17,
1971-01-22,Damaged beyond repair,21:36,13.0,13,Antonov,Aeroflot,Ivchenko,5.0,Surgut,61.25,73.4333,1971-01-22 21:36:00,1971-01-22 21:00:00,-20.0,79.0,-22.8,97.0,10.5,16.0,1019.3,0.0,0.0,0.0,0.0,1.03,
1971-01-31,Damaged beyond repair,,7.0,7,Antonov,Aeroflot,Ivchenko,1.0,Surgut,61.25,73.4333,1971-01-31 12:00:00,1971-01-31 12:00:00,-5.8,92.0,-6.9,98.0,7.7,242.0,1027.9,0.0,0.0,0.0,0.0,0.86,
1971-03-31,Damaged beyond repair,6:33,5.0,5,Boeing,Western Air Lines,Pratt Whitney,,Ontario,34.0393,-117.6064,1971-03-31 06:33:00,1971-03-31 06:00:00,12.9,78.0,9.1,0.0,6.9,129.0,982.4,0.0,0.0,0.0,0.0,0.0,
1971-06-07,Destroyed,9:49,31.0,28,Convair,Allegheny Airlines,Allison,15.0,New Haven,41.3113,-72.9246,1971-06-07 09:49:00,1971-06-07 09:00:00,15.5,93.0,14.4,39.0,6.8,270.0,1011.1,0.0,0.0,0.0,0.0,0.0,
1971-11-13,Damaged beyond repair,8:19,11.0,6,Antonov,Aeroflot,,1.0,Kerch,45.3619,36.4711,1971-11-13 08:19:00,1971-11-13 08:00:00,11.9,84.0,9.3,57.0,9.0,241.0,1010.6,0.0,0.0,0.0,0.0,0.0,
1971-12-01,Damaged beyond repair,21:48,57.0,57,Antonov,Aeroflot,,6.0,Saratov,51.53,46.035,1971-12-01 21:48:00,1971-12-01 21:00:00,-0.7,88.0,-2.5,100.0,8.4,70.0,1016.4,0.0,0.0,0.0,0.0,0.0,
1970-01-25,Destroyed,19:13,23.0,1,Fokker,Royal Nepal Airlines,,5.0,Delhi,28.61,77.23,1970-01-25 19:13:00,1970-01-25 19:00:00,13.6,92.0,12.3,36.0,8.7,114.0,985.0,0.0,0.0,0.0,0.0,0.0,
1970-02-10,Damaged beyond repair,18:37,5.0,5,de,Pilgrim Airlines,Pratt Whitney,3.0,Waterford,52.2583,-7.119,1970-02-10 18:37:00,1970-02-10 18:00:00,4.6,70.0,-0.3,9.0,11.7,326.0,999.5,0.0,0.0,0.0,0.0,0.0,
1970-05-26,Damaged beyond repair,,6.0,6,de,Aero Servicios,,17.0,Tegucigalpa,14.1057,-87.204,1970-05-26 12:00:00,1970-05-26 12:00:00,20.5,95.0,19.8,100.0,4.2,20.0,910.5,0.1,0.1,0.0,0.0,0.0,
1970-07-12,Damaged beyond repair,,12.0,0,Bristol,AER,,,Buenos Aires,-34.6036,-58.3814,1970-07-12 12:00:00,1970-07-12 12:00:00,5.7,85.0,3.3,84.0,9.4,40.0,1025.8,0.0,0.0,0.0,0.0,0.0,
1969-07-09,Damaged beyond repair,,75.0,0,Sud,Thai Airways International,,,Bangkok,13.7525,100.4942,1969-07-09 12:00:00,1969-07-09 12:00:00,27.1,83.0,23.9,79.0,14.8,203.0,1006.6,0.8,0.8,0.0,0.0,0.0,
1969-11-13,Damaged beyond repair,,9.0,9,Antonov,Aeroflot,,4.0,Amderma,69.7631,61.6678,1969-11-13 12:00:00,1969-11-13 12:00:00,-3.0,87.0,-4.9,96.0,37.7,205.0,1011.1,0.0,0.0,0.0,0.0,0.12,
1969-12-06,Damaged beyond repair,,8.0,8,Antonov,Aeroflot,,4.0,Khatanga,71.9797,102.4728,1969-12-06 12:00:00,1969-12-06 12:00:00,-8.3,87.0,-10.1,100.0,32.3,262.0,1013.0,0.0,0.0,0.0,0.0,0.35,
1968-08-10,Destroyed,8:57,37.0,35,Fairchild,Piedmont Airlines,Rolls-Royce,1.0,Charleston,32.8168,-79.9687,1968-08-10 08:57:00,1968-08-10 08:00:00,26.5,90.0,24.8,11.0,16.1,209.0,1016.1,0.0,0.0,0.0,0.0,0.0,
1968-11-23,Damaged beyond repair,19:59,9.0,9,de,Cable Commuter,Pratt Whitney,,Santa Ana,33.7367,-117.8819,1968-11-23 19:59:00,1968-11-23 19:00:00,20.1,62.0,12.6,11.0,0.4,270.0,1014.5,0.0,0.0,0.0,0.0,0.0,
1968-12-24,Destroyed,20:12,47.0,20,Convair,Allegheny Airlines,Allison,11.0,Bradford,53.8,-1.75,1968-12-24 20:12:00,1968-12-24 20:00:00,1.6,88.0,-0.3,100.0,1.1,270.0,1005.0,0.2,0.1,0.0,0.07,0.0,
1967-10-25,Damaged beyond repair,11:08,4.0,0,Learjet,Executive Jet Sales,,,Muskegon,43.2281,-86.2562,1967-10-25 11:08:00,1967-10-25 11:00:00,5.5,89.0,3.8,100.0,28.5,260.0,981.8,0.6,0.6,0.0,0.0,0.0,
1966-03-04,Damaged beyond repair,20:15,72.0,64,Douglas,Canadian Pacific,Rolls-Royce,1.0,Tokyo,35.687,139.7495,1966-03-04 20:15:00,1966-03-04 20:00:00,14.4,95.0,13.6,44.0,9.7,301.0,993.0,0.0,0.0,0.0,0.0,0.0,
1965-09-20,Damaged beyond repair,0:40,3.0,0,Lockheed,American Flyers,,10.0,Ardmore,34.1949,-97.1256,1965-09-20 00:40:00,1965-09-20 00:00:00,27.1,72.0,21.6,66.0,9.4,133.0,981.5,1.9,1.9,0.0,0.0,0.0,
1965-10-27,Destroyed,01:23 UTC,36.0,36,Vickers,BEA,Rolls-Royce,,London,51.5072,-0.1275,1965-10-27 12:00:00,1965-10-27 12:00:00,15.4,80.0,12.0,100.0,22.7,228.0,1013.2,0.0,0.0,0.0,0.0,0.0,
1965-11-08,Destroyed,19:02,62.0,58,Boeing,American Airlines,Pratt Whitney,,Cincinnati,39.1413,-84.506,1965-11-08 19:02:00,1965-11-08 19:00:00,17.9,68.0,12.0,62.0,17.9,242.0,988.9,0.0,0.0,0.0,0.0,0.0,
1964-02-23,Damaged beyond repair,17:20 UTC,53.0,0,Vickers,UAA,,9.0,Beirut,33.8981,35.5058,1964-02-23 12:00:00,1964-02-23 12:00:00,13.5,86.0,11.2,87.0,16.2,217.0,1008.8,2.1,2.1,0.0,0.0,0.0,
1964-03-08,Damaged beyond repair,23:56,30.0,1,Douglas,Hansen Air Activities,Pratt Whitney,22.0,Chicago,41.8375,-87.6866,1964-03-08 23:56:00,1964-03-08 23:00:00,3.8,89.0,2.2,100.0,16.3,43.0,985.8,0.5,0.5,0.0,0.0,0.02,
1964-03-10,Damaged beyond repair,8:22,3.0,3,Douglas,Slick Airways,Pratt Whitney,20.0,Boston,42.3188,-71.0852,1964-03-10 08:22:00,1964-03-10 08:00:00,2.6,98.0,2.3,100.0,19.4,31.0,1003.4,0.9,0.9,0.0,0.0,0.01,
1964-04-17,Damaged beyond repair,19:32 UTC,49.0,49,Sud,MEA,,,Dhahran,26.2667,50.15,1964-04-17 12:00:00,1964-04-17 12:00:00,33.9,28.0,12.8,64.0,14.5,161.0,999.2,0.1,0.1,0.0,0.0,0.0,
1964-11-15,Damaged beyond repair,20:25,29.0,29,Fairchild,Bonanza Air Lines,,6.0,Las Vegas,36.2333,-115.2654,1964-11-15 20:25:00,1964-11-15 20:00:00,6.4,23.0,-13.3,100.0,20.1,27.0,929.7,0.0,0.0,0.0,0.0,0.0,
1963-01-29,Damaged beyond repair,22:44,8.0,8,Vickers,Continental Air Lines,,5.0,Kansas City,39.1238,-94.5541,1963-01-29 22:44:00,1963-01-29 22:00:00,-4.9,69.0,-9.8,96.0,15.7,344.0,997.8,0.0,0.0,0.0,0.0,0.07,
1963-03-05,Damaged beyond repair,19:34,54.0,12,Ilyushin,Aeroflot,Ivchenko,2.0,Ashgabat,37.9375,58.38,1963-03-05 19:34:00,1963-03-05 19:00:00,11.1,69.0,5.6,90.0,17.1,292.0,974.5,0.0,0.0,0.0,0.0,0.0,
1963-08-12,Damaged beyond repair,14:19,16.0,16,Vickers,Air Inter,,9.0,Lyon,45.76,4.84,1963-08-12 14:19:00,1963-08-12 14:00:00,20.4,88.0,18.4,99.0,7.4,43.0,992.4,3.5,3.5,0.0,0.0,0.0,
1963-11-08,Damaged beyond repair,16:59 UTC,25.0,22,Douglas,Aero OY,Pratt Whitney,20.0,Mariehamn,60.1,19.9333,1963-11-08 12:00:00,1963-11-08 12:00:00,7.0,97.0,6.5,100.0,15.0,226.0,986.0,0.0,0.0,0.0,0.0,0.0,
1963-12-08,Destroyed,20:59,81.0,81,Boeing,Pan Am,Pratt Whitney,5.0,Elkton,39.6066,-75.8209,1963-12-08 20:59:00,1963-12-08 20:00:00,11.5,66.0,5.4,46.0,15.0,134.0,1007.6,0.0,0.0,0.0,0.0,0.0,
1963-12-21,Damaged beyond repair,11:42,4.0,0,Convair,Union Oil Comp. of California,,6.0,Midland,32.0243,-102.1147,1963-12-21 11:42:00,1963-12-21 11:00:00,-1.8,83.0,-4.3,89.0,14.8,104.0,919.6,0.0,0.0,0.0,0.0,0.0,
1962-03-31,Damaged beyond repair,,6.0,0,Douglas,Netherlands AF,Pratt Whitney,17.0,Sorong,-0.8667,131.25,1962-03-31 12:00:00,1962-03-31 12:00:00,25.2,93.0,24.0,100.0,4.7,122.0,1009.5,0.0,0.0,0.0,0.0,0.0,
1962-08-06,Damaged beyond repair,17:31,72.0,0,Lockheed,American Airlines,,,Knoxville,35.9692,-83.9496,1962-08-06 17:31:00,1962-08-06 17:00:00,30.4,57.0,21.0,61.0,14.1,218.0,986.1,0.0,0.0,0.0,0.0,0.0,
1962-11-30,Damaged beyond repair,21:45,51.0,25,Douglas,Eastern Air Lines,,6.0,New York,40.6943,-73.9249,1962-11-30 21:45:00,1962-11-30 21:00:00,11.9,66.0,5.6,0.0,8.0,5.0,1024.4,0.0,0.0,0.0,0.0,0.0,
1961-02-15,Damaged beyond repair,,4.0,0,Lisunov,Aeroflot,,10.0,Mezen,65.8439,44.2464,1961-02-15 12:00:00,1961-02-15 12:00:00,-4.7,88.0,-6.4,100.0,12.6,178.0,994.2,0.5,0.0,0.0,0.35,0.6,
1961-03-06,Destroyed,13:37,46.0,0,Lockheed,Iberia,,7.0,Sao Paulo,-23.5504,-46.6339,1961-03-06 13:37:00,1961-03-06 13:00:00,23.2,75.0,18.5,100.0,19.1,134.0,931.6,0.2,0.2,0.0,0.0,0.0,
1961-07-10,Damaged beyond repair,10:43,94.0,1,Tupolev,Aeroflot,Mikulin,2.0,Odessa,31.8801,-102.3448,1961-07-10 10:43:00,1961-07-10 10:00:00,19.2,85.0,16.6,81.0,15.5,46.0,919.7,0.0,0.0,0.0,0.0,0.0,
1960-01-07,Destroyed,,59.0,0,Vickers,BEA,,3.0,London,51.5072,-0.1275,1960-01-07 12:00:00,1960-01-07 12:00:00,0.7,98.0,0.4,100.0,3.1,306.0,1027.2,0.0,0.0,0.0,0.0,0.0,
1960-02-26,Destroyed,16:57,33.0,32,Antonov,Aeroflot,,1.0,Lviv,49.8425,24.0322,1960-02-26 16:57:00,1960-02-26 16:00:00,-1.2,68.0,-6.3,97.0,15.4,323.0,979.5,0.0,0.0,0.0,0.0,0.01,
1960-12-26,Destroyed,19:42,17.0,17,Ilyushin,Aeroflot,,2.0,Ulyanovsk,54.3167,48.3667,1960-12-26 19:42:00,1960-12-26 19:00:00,-2.8,92.0,-3.9,100.0,11.4,167.0,1016.0,0.1,0.0,0.0,0.07,0.09,
1959-02-17,Damaged beyond repair,16:47 UTC,24.0,14,Vickers,THY,Rolls-Royce,,London,51.5072,-0.1275,1959-02-17 12:00:00,1959-02-17 12:00:00,5.6,84.0,3.1,99.0,2.9,173.0,1044.1,0.0,0.0,0.0,0.0,0.0,
1959-10-03,Damaged beyond repair,,38.0,0,Vickers,TCAL,,3.0,Toronto,43.7417,-79.3733,1959-10-03 12:00:00,1959-10-03 12:00:00,15.8,88.0,13.8,54.0,11.0,199.0,995.4,0.0,0.0,0.0,0.0,0.0,
1959-11-16,Damaged beyond repair,,40.0,40,Antonov,Aeroflot,,0.0,Lviv,49.8425,24.0322,1959-11-16 12:00:00,1959-11-16 12:00:00,0.6,72.0,-3.9,100.0,24.8,114.0,977.9,0.0,0.0,0.0,0.0,0.0,
1958-06-16,Damaged beyond repair,17:45,26.0,21,Convair,Cruzeiro do Sul,,0.0,Curitiba,-25.4297,-49.2719,1958-06-16 17:45:00,1958-06-16 17:00:00,20.9,74.0,16.0,100.0,19.3,339.0,913.1,0.0,0.0,0.0,0.0,0.0,
1956-10-03,Damaged beyond repair,7:21,10.0,3,Douglas,USAF,Pratt Whitney,,Charleston,32.8168,-79.9687,1956-10-03 07:21:00,1956-10-03 07:00:00,21.5,95.0,20.7,35.0,5.9,223.0,1015.9,0.0,0.0,0.0,0.0,0.0,
1954-01-10,Damaged beyond repair,17:50,12.0,12,Grumman,Union Producing Comp,,7.0,Shreveport,32.4653,-93.7955,1954-01-10 17:50:00,1954-01-10 17:00:00,3.9,88.0,2.1,100.0,14.8,346.0,1008.6,0.0,0.0,0.0,0.0,0.0,
1954-01-20,Damaged beyond repair,,3.0,3,Douglas,Zantop,Pratt Whitney,12.0,Kansas City,39.1238,-94.5541,1954-01-20 12:00:00,1954-01-20 12:00:00,0.4,97.0,-0.1,100.0,24.2,337.0,982.1,0.1,0.1,0.0,0.0,0.0,
1954-09-27,Destroyed,0:57,29.0,29,Ilyushin,Aeroflot,,7.0,Novosibirsk,55.05,82.95,1954-09-27 00:57:00,1954-09-27 00:00:00,8.4,98.0,8.1,12.0,12.0,46.0,997.5,0.0,0.0,0.0,0.0,0.0,
1953-01-01,Substantial,22:22 UTC,66.0,0,Douglas,KLM,,9.0,Dhahran,26.2667,50.15,1953-01-01 12:00:00,1953-01-01 12:00:00,18.0,73.0,13.1,62.0,20.4,8.0,1018.1,0.0,0.0,0.0,0.0,0.0,
1953-07-27,Damaged beyond repair,,2.0,1,Handley,RAF,,,Hong Kong,22.3,114.2,1953-07-27 12:00:00,1953-07-27 12:00:00,28.0,80.0,24.1,20.0,9.8,152.0,1008.7,0.0,0.0,0.0,0.0,0.0,
1953-12-30,Damaged beyond repair,,51.0,0,Canadair,RCAF,Rolls-Royce,,Vancouver,49.25,-123.1,1953-12-30 12:00:00,1953-12-30 12:00:00,2.5,98.0,2.3,100.0,18.4,152.0,1016.0,1.0,1.0,0.0,0.0,0.03,
1951-01-27,Damaged beyond repair,14:40,17.0,14,Savoia-Marchetti,Alitalia,,3.0,Civitavecchia,42.1,11.8,1951-01-27 14:40:00,1951-01-27 14:00:00,11.5,70.0,6.3,97.0,28.5,164.0,1000.3,0.1,0.1,0.0,0.0,0.0,
1951-02-18,Damaged beyond repair,,22.0,1,Vickers,RAF,Bristol Hercules,1.0,Stockholm,59.3275,18.0547,1951-02-18 12:00:00,1951-02-18 12:00:00,0.1,93.0,-0.9,100.0,28.8,137.0,988.4,0.8,0.0,0.0,0.56,0.23,
1951-04-28,Damaged beyond repair,19:32,11.0,11,Douglas,United Airlines,Pratt Whitney,14.0,Fort Wayne,41.0888,-85.1436,1951-04-28 19:32:00,1951-04-28 19:00:00,26.3,55.0,16.4,100.0,23.0,241.0,986.4,0.0,0.0,0.0,0.0,0.0,
1950-10-16,Damaged beyond repair,,5.0,0,Lisunov,Aeroflot,,2.0,Alma,48.55,-71.65,1950-10-16 12:00:00,1950-10-16 12:00:00,2.4,79.0,-0.8,50.0,12.0,291.0,1024.9,0.0,0.0,0.0,0.0,0.0,
1949-10-09,Damaged beyond repair,17:54,3.0,3,Curtiss,Slick Airways,Pratt Whitney,4.0,Cheyenne,41.135,-104.7902,1949-10-09 17:54:00,1949-10-09 17:00:00,2.0,90.0,0.6,100.0,28.8,171.0,805.9,0.0,0.0,0.0,0.0,,
1948-05-16,Damaged beyond repair,20:42,2.0,2,Curtiss,Slick Airways,,3.0,Columbus,39.9862,-82.9855,1948-05-16 20:42:00,1948-05-16 20:00:00,24.2,39.0,9.4,4.0,9.4,252.0,983.8,0.0,0.0,0.0,0.0,,
1948-07-01,Damaged beyond repair,12:20,12.0,8,Fiat,ALI,Pratt Whitney,0.0,Keerbergen,51.0031,4.6311,1948-07-01 12:20:00,1948-07-01 12:00:00,13.5,92.0,12.2,100.0,18.8,324.0,1011.0,0.8,0.8,0.0,0.0,,
1947-01-05,Substantial,20:30,23.0,3,Douglas,Nationwide Air Transport,Pratt Whitney,2.0,Carmel,39.965,-86.146,1947-01-05 20:30:00,1947-01-05 20:00:00,-6.3,68.0,-11.2,100.0,16.6,246.0,987.6,0.0,0.0,0.0,0.0,,
1947-05-24,Damaged beyond repair,,,0,Avro,RAF,Rolls-Royce,,Malta,42.9853,-73.7879,1947-05-24 12:00:00,1947-05-24 12:00:00,18.5,87.0,16.3,19.0,3.2,207.0,1005.9,0.0,0.0,0.0,0.0,,
1946-11-05,Damaged beyond repair,18:55,26.0,1,Lisunov,Aeroflot,,1.0,Moskva,37.6567,69.6292,1946-11-05 18:55:00,1946-11-05 18:00:00,6.4,55.0,-2.1,7.0,3.3,174.0,968.3,0.0,0.0,0.0,0.0,,
1946-12-25,Damaged beyond repair,ca 20:00,30.0,19,Douglas,CNAC,,,Shanghai,31.2286,121.4747,1946-12-25 12:00:00,1946-12-25 12:00:00,11.3,85.0,9.0,100.0,12.4,116.0,1021.8,0.0,0.0,0.0,0.0,,
1946-12-25,Damaged beyond repair,ca 22:00,36.0,31,Curtiss,CNAC,,,Shanghai,31.2286,121.4747,1946-12-25 12:00:00,1946-12-25 12:00:00,11.3,85.0,9.0,100.0,12.4,116.0,1021.8,0.0,0.0,0.0,0.0,,
1946-12-25,Damaged beyond repair,,11.0,12,Douglas,Central Air Transport,,,Shanghai,31.2286,121.4747,1946-12-25 12:00:00,1946-12-25 12:00:00,11.3,85.0,9.0,100.0,12.4,116.0,1021.8,0.0,0.0,0.0,0.0,,
1945-10-12,Damaged beyond repair,ca 11:30,59.0,59,Curtiss,USAAF,,0.0,Beijing,39.9067,116.3975,1945-10-12 12:00:00,1945-10-12 12:00:00,14.2,49.0,3.6,0.0,9.1,189.0,1012.9,0.0,0.0,0.0,0.0,,
1944-05-06,Damaged beyond repair,23:43,6.0,6,Lockheed,USAAF,,,Elmira,42.0938,-76.8097,1944-05-06 23:43:00,1944-05-06 23:00:00,17.5,87.0,15.4,100.0,15.1,147.0,980.1,0.8,0.8,0.0,0.0,,
1941-03-10,Substantial,20:35,12.0,0,Douglas,American Airlines,Wright,1.0,Cincinnati,39.1413,-84.506,1941-03-10 20:35:00,1941-03-10 20:00:00,8.5,45.0,-2.8,100.0,18.4,113.0,978.0,0.2,0.2,0.0,0.0,,
1941-10-30,Destroyed,2:04,15.0,14,Douglas,Northwest Airlines,Pratt Whitney,2.0,Moorhead,46.8673,-96.7461,1941-10-30 02:04:00,1941-10-30 02:00:00,2.2,95.0,1.5,100.0,6.8,273.0,987.7,0.2,0.2,0.0,0.0,,
1938-01-04,Damaged beyond repair,13:15,6.0,6,Junkers,Deutsche Lufthansa,,,Frankfurt,50.1106,8.6822,1938-01-04 13:15:00,,,,,,,,,,,,,,
1937-03-25,Damaged beyond repair,18:40,13.0,13,Douglas,TWA,,3.0,Clifton,40.863,-74.1575,1937-03-25 18:40:00,,,,,,,,,,,,,,
